{"extrinsics": [[[-1.0, 0.0, 0.0, 0.0], [0.0, -0.9063077569007874, -0.4226182699203491, 0.6339274048805237], [0.0, -0.4226182699203491, 0.9063077569007874, -1.3594616651535034], [0.0, 0.0, 0.0, 1.0]], [[-0.4999999701976776, -0.36599817872047424, 0.784885585308075, -1.17732834815979], [0.0, -0.9063077569007874, -0.4226182699203491, 0.6339274048805237], [0.866025447845459, -0.21130912005901337, 0.4531538486480713, -0.6797307729721069], [0.0, 0.0, 0.0, 1.0]], [[0.5000000596046448, -0.36599814891815186, 0.7848855257034302, -1.17732834815979], [0.0, -0.9063077569007874, -0.4226182699203491, 0.6339274048805237], [0.8660253882408142, 0.21130916476249695, -0.45315393805503845, 0.6797308921813965], [0.0, 0.0, 0.0, 1.0]], [[1.0, 3.6946463666254203e-08, -7.923193834358244e-08, 1.1884790751537366e-07], [0.0, -0.9063077569007874, -0.4226182699203491, 0.6339274048805237], [-8.742277657347586e-08, 0.4226182699203491, -0.9063077569007874, 1.3594616651535034], [0.0, 0.0, 0.0, 1.0]], [[0.49999991059303284, 0.36599817872047424, -0.784885585308075, 1.17732834815979], [0.0, -0.9063077569007874, -0.4226182699203491, 0.6339274048805237], [-0.866025447845459, 0.21130909025669098, -0.4531537890434265, 0.6797306537628174], [0.0, 0.0, 0.0, 1.0]], [[-0.49999991059303284, 0.36599817872047424, -0.784885585308075, 1.17732834815979], [0.0, -0.9063077569007874, -0.4226182699203491, 0.6339274048805237], [-0.866025447845459, -0.21130909025669098, 0.4531537890434265, -0.6797306537628174], [0.0, 0.0, 0.0, 1.0]]], "intrinsics": [[[1.0, 0.0, 0.5], [0.0, 1.0, 0.5], [0.0, 0.0, 1.0]], [[1.0, 0.0, 0.5], [0.0, 1.0, 0.5], [0.0, 0.0, 1.0]], [[1.0, 0.0, 0.5], [0.0, 1.0, 0.5], [0.0, 0.0, 1.0]], [[1.0, 0.0, 0.5], [0.0, 1.0, 0.5], [0.0, 0.0, 1.0]], [[1.0, 0.0, 0.5], [0.0, 1.0, 0.5], [0.0, 0.0, 1.0]], [[1.0, 0.0, 0.5], [0.0, 1.0, 0.5], [0.0, 0.0, 1.0]]]}